"customer_id";"first_name";"last_name";"email"
1;"Norton";"Blakeslee";"nblakeslee0@clickbank.net"
2;"Collette";"Gormley";"cgormley1@edublogs.org"
3;"Maribeth";"Canto";"mcanto2@indiatimes.com"
4;"Stillman";"Iskov";"siskov3@intel.com"
5;"Patricia";"Hoofe";"phoofe4@csmonitor.com"
6;"Kelley";"Evett";"kevett5@craigslist.org"
7;"Aldon";"Echalie";"aechalie6@google.fr"
8;"Kayne";"Stickley";"kstickley7@tripod.com"
9;"Faye";"Shalloo";"fshalloo8@mysql.com"
10;"Babara";"Lord";"blord9@oakley.com"
11;"Ardelis";"Goodlud";"agoodluda@sogou.com"
12;"Silas";"Dowzell";"sdowzellb@g.co"
13;"Datha";"Winsper";"dwinsperc@census.gov"
14;"Deena";"Seeley";"dseeleyd@nsw.gov.au"
15;"Farand";"Shufflebotham";"fshufflebothame@quantcast.com"
16;"Rebeca";"Jans";"rjansf@examiner.com"
17;"Ferdinand";"Mariel";"fmarielg@cnet.com"
18;"Cyndy";"Harbisher";"charbisherh@shop-pro.jp"
19;"Marline";"Pitchers";"mpitchersi@statcounter.com"
20;"Malynda";"Veart";"mveartj@mozilla.com"
21;"Raine";"Meedendorpe";"rmeedendorpek@nifty.com"
22;"Georgiana";"Brasier";"gbrasierl@wired.com"
23;"Anastasia";"Spada";"aspadam@dailymotion.com"
24;"Fonsie";"Culvey";"fculveyn@phpbb.com"
25;"Bertine";"Sabberton";"bsabbertono@salon.com"
26;"Collen";"Paulich";"cpaulichp@mapquest.com"
27;"Tasia";"Cashmore";"tcashmoreq@clickbank.net"
28;"Bridget";"Deakins";"bdeakinsr@yolasite.com"
29;"Malorie";"Guiso";"mguisos@abc.net.au"
30;"Heather";"Raikes";"hraikest@wiley.com"
31;"Kennett";"Studdert";"kstuddertu@dot.gov"
32;"Gavra";"Bembrick";"gbembrickv@europa.eu"
33;"Janifer";"Meldon";"jmeldonw@technorati.com"
34;"Mick";"Brownsea";"mbrownseax@lycos.com"
35;"Raven";"Kinghorne";"rkinghorney@bizjournals.com"
36;"Randy";"Nordass";"rnordassz@indiatimes.com"
37;"Guinna";"Gregr";"ggregr10@ameblo.jp"
38;"Jorey";"Fawkes";"jfawkes11@liveinternet.ru"
39;"Tailor";"Hallgate";"thallgate12@drupal.org"
40;"Michaella";"FitzGibbon";"mfitzgibbon13@tuttocitta.it"
41;"Tami";"Grimme";"tgrimme14@goo.gl"
42;"Alexei";"Wyon";"awyon15@tripadvisor.com"
43;"Leroi";"Heinzler";"lheinzler16@indiegogo.com"
44;"Mylo";"Boobier";"mboobier17@tiny.cc"
45;"Brockie";"Maddigan";"bmaddigan18@fema.gov"
46;"Stanislaw";"Esch";"sesch19@bigcartel.com"
47;"Griswold";"Madden";"gmadden1a@vistaprint.com"
48;"Lydia";"Crankshaw";"lcrankshaw1b@facebook.com"
49;"Ailsun";"Reyna";"areyna1c@github.com"
50;"Ailyn";"Lawlings";"alawlings1d@pcworld.com"
51;"Britt";"Nelles";"bnelles1e@columbia.edu"
52;"Karim";"Roma";"kroma1f@miibeian.gov.cn"
53;"Wallis";"Dunnett";"wdunnett1g@apache.org"
54;"Taite";"McRavey";"tmcravey1h@technorati.com"
55;"Gael";"Gabites";"ggabites1i@umich.edu"
56;"Idell";"Saph";"isaph1j@soup.io"
57;"Earl";"Jobey";"ejobey1k@yellowbook.com"
58;"Concettina";"Challender";"cchallender1l@amazon.com"
59;"Audi";"Agate";"aagate1m@pen.io"
60;"Artemus";"Hilley";"ahilley1n@usnews.com"
61;"Newton";"Hurst";"nhurst1o@symantec.com"
62;"George";"Toolin";"gtoolin1p@nymag.com"
63;"Mair";"Worts";"mworts1q@paginegialle.it"
64;"Jack";"Chatband";"jchatband1r@yellowbook.com"
65;"Deina";"Rosenblatt";"drosenblatt1s@salon.com"
66;"Osborn";"Roll";"oroll1t@geocities.com"
67;"Alden";"Linnemann";"alinnemann1u@ocn.ne.jp"
68;"Arvie";"Hunte";"ahunte1v@craigslist.org"
69;"Caralie";"Tuft";"ctuft1w@stanford.edu"
70;"Amargo";"Dran";"adran1x@wikispaces.com"
71;"Michel";"Beamson";"mbeamson1y@tiny.cc"
72;"Agnes";"Squire";"asquire1z@illinois.edu"
73;"Carolan";"Greguol";"cgreguol20@europa.eu"
74;"Yanaton";"Newhouse";"ynewhouse21@statcounter.com"
75;"Vanna";"Shankle";"vshankle22@netvibes.com"
76;"Jens";"Draisey";"jdraisey23@bing.com"
77;"Cherlyn";"Luna";"cluna24@slideshare.net"
78;"Jacob";"Overbury";"joverbury25@lulu.com"
79;"Carmela";"Clampin";"cclampin26@unicef.org"
80;"Jeffrey";"Chastan";"jchastan27@netvibes.com"
81;"Ninetta";"Pitcaithly";"npitcaithly28@archive.org"
82;"Cathrin";"Wannan";"cwannan29@patch.com"
83;"Ki";"Brewitt";"kbrewitt2a@flickr.com"
84;"Clement";"Smithen";"csmithen2b@cam.ac.uk"
85;"Georgeanne";"Matanin";"gmatanin2c@homestead.com"
86;"Pennie";"Allred";"pallred2d@globo.com"
87;"Chase";"Fardy";"cfardy2e@disqus.com"
88;"Blaire";"Dewan";"bdewan2f@buzzfeed.com"
89;"Merl";"Cassey";"mcassey2g@spotify.com"
90;"Ardith";"Kyndred";"akyndred2h@yolasite.com"
91;"Arman";"Mudge";"amudge2i@w3.org"
92;"Farleigh";"Folkes";"ffolkes2j@wisc.edu"
93;"Estell";"Knagges";"eknagges2k@ebay.co.uk"
94;"Monica";"de Cullip";"mdecullip2l@delicious.com"
95;"Laney";"Pakenham";"lpakenham2m@alexa.com"
96;"Garrard";"Giacomelli";"ggiacomelli2n@phpbb.com"
97;"Winnie";"Laugharne";"wlaugharne2o@themeforest.net"
98;"Elly";"McSparran";"emcsparran2p@ocn.ne.jp"
99;"Fields";"Tilly";"ftilly2q@utexas.edu"
100;"Petronille";"Coleson";"pcoleson2r@marketwatch.com"
101;"Olympe";"Bowker";"obowker2s@biblegateway.com"
102;"Biddy";"Tower";"btower2t@geocities.com"
103;"Morrie";"Reschke";"mreschke2u@seattletimes.com"
104;"Lani";"Carrabot";"lcarrabot2v@samsung.com"
105;"Karia";"Chitty";"kchitty2w@nba.com"
106;"Raine";"Clover";"rclover2x@reuters.com"
107;"Darb";"Houliston";"dhouliston2y@booking.com"
108;"Fonz";"Guihen";"fguihen2z@themeforest.net"
109;"Mel";"Treweek";"mtreweek30@posterous.com"
110;"Ceciley";"Hall";"chall31@engadget.com"
111;"Nikkie";"Evered";"nevered32@yellowpages.com"
112;"Trevor";"Adelberg";"tadelberg33@google.com"
113;"Audy";"Nelson";"anelson34@indiegogo.com"
114;"Nanny";"Brannon";"nbrannon35@yale.edu"
115;"Haze";"Pabelik";"hpabelik36@drupal.org"
116;"Auberta";"Hatherley";"ahatherley37@utexas.edu"
117;"Bancroft";"Laise";"blaise38@taobao.com"
118;"Cos";"Dady";"cdady39@parallels.com"
119;"Virgie";"Akast";"vakast3a@rediff.com"
120;"Merwyn";"Brompton";"mbrompton3b@unicef.org"
